,screennames,firstcomponent,secondcomponent,thirdcomponent
401,RepSwalwell,0.3075178196619149,-1.8955538770467886,-0.049770019902562156
266,RepJerryNadler,0.7910342744461921,-1.8353666778713453,-0.04748324681293134
121,RepAdamSchiff,-0.15824006722750406,-1.8316320414164928,-0.057405401608292106
264,RepJeffries,0.4227853141359903,-1.8287085239469694,-0.036134551848105954
573,maziehirono,0.8566767335917109,-1.8229635917733173,-0.04119124063213968
84,Lawrence,-0.3217631754516129,-1.781609229861009,-0.05806146701831575
326,RepMaxineWaters,-0.6571695818746404,-1.7546851987406558,-0.041045432815819675
447,SenBlumenthal,1.2223876044355237,-1.7426351127230288,-0.053623448619252015
423,RepValDemings,-0.07088551484279833,-1.732242360631406,-0.028658381682648327
479,SenSchumer,-0.054345899824337296,-1.726358427006948,-0.06601408202043045
492,SenateDems,0.4751667105036167,-1.7062516445068454,-0.06882163068950939
550,amyklobuchar,0.0030443815507049943,-1.7001923544517157,-0.053202065930040975
502,SenatorDurbin,1.0994107108531164,-1.6990041829631677,-0.05029810074631744
143,RepBarbaraLee,0.2867909362173874,-1.6969735085432271,-0.02678153066048579
490,SenWhitehouse,1.118107340132981,-1.6948496292283433,-0.041577504178300036
457,SenFeinstein,0.5313266697930518,-1.6885627358980966,-0.06186648394441251
571,maddow,-1.081452742299398,-1.678392429396099,-0.04771497051540037
529,TheDemocrats,-0.10155619895020365,-1.6644396854385328,-0.06323335303971164
62,HouseDemocrats,0.35508078884684835,-1.6574463450751094,-0.06819881180627342
456,SenDuckworth,0.06080471503671285,-1.643926157380971,-0.034320349007735375
556,chrislhayes,-0.8038034324131301,-1.620855016624024,-0.0519009577973629
262,RepJayapal,-0.44563901494451713,-1.6091062916567431,-0.02823052427951167
74,JoaquinCastrotx,0.0033617554526771103,-1.5957196478127682,-0.027998527808113433
357,RepRaskin,-0.14112764709745057,-1.5942291566155609,-0.022155669463837475
520,SpeakerPelosi,-0.815756789373182,-1.5857650036853792,-0.052808083447718826
290,RepKatiePorter,-1.084890133089864,-1.5857216003628802,-0.02122814510069971
489,SenWarren,-1.3926646994798835,-1.5561128707653726,-0.032983059112184576
463,SenJeffMerkley,0.9310140614483884,-1.5444369139283285,-0.034641795213303364
274,RepJoeNeguse,-0.34964493520550083,-1.5281501282507468,-0.017001987832750087
393,RepSpeier,0.6830846998006578,-1.525419826571922,-0.016076280540836183
562,ewarren,-1.7289265224988961,-1.5164160806934017,-0.024183991463118178
1,ACLU,-1.3872483341925355,-1.5001013954566462,-0.025940682769364683
99,MotherJones,-0.9017810513056402,-1.4896443027022537,-0.043095553601050406
114,PeteButtigieg,-1.3462616606115707,-1.4744682179003672,-0.03614751782808064
86,MSNBC,-0.6191051522054928,-1.4573425184606792,-0.06655404178107129
481,SenSherrodBrown,0.5414023626457818,-1.4540920088838802,-0.0332472838911668
521,StaceyPlaskett,-0.9675578699940222,-1.4509161242616346,-0.01853312474944481
532,TomSteyer,-0.6492135133418365,-1.4102049967125745,-0.03645859770879419
438,RonWyden,0.9412738161271901,-1.4063574699540808,-0.033690031878450544
547,WhipClyburn,0.4162793581711592,-1.3991974026437235,-0.02098213079399382
90,MarkWarner,0.9268841084742314,-1.3986036088301594,-0.03654153159130722
507,SenatorLeahy,1.4366188584138981,-1.3972720039880262,-0.03205761365136732
353,RepPressley,-0.9473550198605051,-1.397241872700288,-0.023357677606333928
422,RepUnderwood,-0.4170789954809263,-1.3890486407529228,-0.009626411868239535
542,VP,-2.171721062811327,-1.3853446943776928,-0.00422941322020583
222,RepEscobar,0.265251917307938,-1.3518540959275005,-0.0033730600357258695
560,dccc,-0.23110218164208138,-1.347740480660023,-0.03140598178543502
386,RepSeanMaloney,-0.2966229961749546,-1.343041287631516,-0.01130976243316671
113,PattyMurray,0.8952360272346138,-1.3422723793546096,-0.030018523096453798
405,RepTedLieu,-0.029983183620094493,-1.3399552631687934,-0.014378449224684607
558,dailykos,-0.9452380363271535,-1.3163681524155595,-0.036641527716809126
80,KamalaHarris,-2.5541549353749917,-1.3161246739133903,0.004067445927787564
61,HillaryClinton,-1.729286458868767,-1.3138798310251625,-0.0330645833305273
288,RepKarenBass,0.14325513193047743,-1.3108658921239202,-0.01032223532095843
314,RepMGS,0.24749988191322503,-1.2799253613036907,0.001949563840107483
402,RepSylviaGarcia,0.12762485264458778,-1.2795951770898368,0.00012190970121390388
13,BillPascrell,0.005866047334005471,-1.2758601463189667,-0.007082983994894581
528,TheDailyShow,-1.897254485585484,-1.2758156393431768,-0.027704364690346078
12,BillClinton,-1.1256154323918919,-1.275168746654089,-0.05202230411925092
68,JacksonLeeTX18,0.5150839408872193,-1.2694799657155418,-0.011924344044689042
561,donlemon,-1.2241324447429354,-1.2687377654052356,-0.0431753073299704
260,RepJasonCrow,-0.36656337112407944,-1.2539894300084375,-0.009222520868536857
598,thinkprogress,-1.0201702477868015,-1.2393157816668219,-0.036339423841279306
203,RepDean,-0.07811309881979724,-1.229405050149439,-0.0025214619923961488
24,ChrisCoons,1.298507293637476,-1.228499652994788,-0.031142011050778438
522,StephenAtHome,-2.0585222387739996,-1.2227127629277588,-0.022966649956043736
549,algore,-1.0907103615430527,-1.2176247308852284,-0.04041453160379697
601,washingtonpost,-1.0671770850015663,-1.2157782345158077,-0.06115215892863414
85,LeaderHoyer,0.8356095810455209,-1.2106853333584149,-0.02042325580666495
8,BarackObama,-3.3291399616812614,-1.2103264600988481,0.027730562181383162
356,RepRashida,-1.0246213154733366,-1.209842966863964,-0.024460464110809096
568,jahimes,0.29109020930103713,-1.2014764035398644,-0.007076845434005082
579,politico,-0.42397811963406656,-1.1926729256517026,-0.07347552564464496
432,RepWilson,0.1831810781347892,-1.1926512530854554,-0.006653312033603506
34,CongressmanRaja,-0.6061919390334239,-1.191908259917712,-0.011641685376953504
212,RepDonBeyer,0.3037505743567512,-1.1846189764974577,-0.004244098030152629
551,andersoncooper,-1.3609743338208597,-1.179748938897207,-0.04837353425299235
101,NPR,-1.5043287407887695,-1.1692513783499952,-0.03933423701360467
75,JoeBiden,-2.6002640459330246,-1.1676938274866708,0.00397693027517837
110,POTUS,-2.600657189945682,-1.165964915485003,0.007313361095880349
64,HuffPostPol,-0.6320707400239607,-1.1653627176194288,-0.055005229644541825
206,RepDebHaaland,-0.8592375020894845,-1.1605041613431035,-0.0025502966159529367
26,ChrisVanHollen,0.9753324468107334,-1.155989883359767,-0.01566782852707628
65,Ilhan,-1.411085737067481,-1.153818056009282,-0.022898521941375143
449,SenBooker,-0.6523925392432077,-1.1498835914145407,-0.01911796695847648
470,SenMarkey,0.03301704371864918,-1.1405744159569515,-0.016107887104087622
390,RepSlotkin,0.06361966046981314,-1.1395698542827846,-0.0005488129169541877
103,NewYorker,-1.3313787240837223,-1.136176839691274,-0.04533341708532575
317,RepMaloney,0.6394754827169643,-1.1288732698445159,0.001797911168875066
25,ChrisCuomo,-1.2153541146367701,-1.1285203445561962,-0.0435083947191044
600,voxdotcom,-1.3265471140063205,-1.1264282358447908,-0.037952349116461406
205,RepDebDingell,0.16184038441871382,-1.1150184210343121,-0.00662655909536111
182,RepCohen,-0.02297905169759205,-1.113483351904641,-0.0040134664056722755
404,RepTedDeutch,0.7556976008175593,-1.1045335443616862,0.0003205245130975313
125,RepAlGreen,0.5108062826620431,-1.096951586129442,-0.00318729808173889
519,Slate,-1.1212066523877582,-1.095108113847089,-0.047111910569867216
434,RepZoeLofgren,1.420196046040005,-1.089219985181267,0.004632188962845021
201,RepDavids,-0.7329395159732359,-1.089167581203505,0.0006360275517043924
387,RepSherrill,-0.1284088363988063,-1.0871106323388129,0.005146797317768672
3,AOC,-2.8807396069072024,-1.0865364706119336,0.00985870255748667
104,NewsHour,-0.805935655648194,-1.0675168593349478,-0.04355483575763175
58,HRC,-1.7471449309914764,-1.0595085503118842,-0.01767665088946416
313,RepLucyMcBath,-0.6219009499091754,-1.058012650578127,0.005057328825848924
495,SenatorBennet,0.39290602007665726,-1.0508681742864767,-0.01939299946149563
485,SenTinaSmith,-0.3254532917556913,-1.0437697654151734,-0.005974290892421991
433,RepYvetteClarke,0.5947800657695457,-1.0430261249303836,-0.00238341537267786
287,RepKClark,0.06632541071798141,-1.039715924758983,0.0031683841461333947
189,RepDMP,-0.09284899992910978,-1.0367175225346605,0.005832774841206347
392,RepSpanberger,0.20785706736694937,-1.0150313572876222,0.006750434289776253
411,RepTimRyan,-0.5135281133011307,-1.0149469836437135,-0.01221606618388486
259,RepJahanaHayes,-0.4317495982145879,-1.014100069087259,0.002437058191844802
448,SenBobCasey,0.6957247510171904,-1.0048271968318916,-0.025250068881324056
94,MikeBloomberg,-0.8003848211802809,-1.0041727557951654,-0.053531490519539274
494,SenatorBaldwin,0.5780431229143457,-1.0038788878258076,-0.011527405040514402
590,repmarkpocan,0.008825205158332508,-0.9959545166744549,0.0021998578209118354
578,nytimes,-1.8111902329620533,-0.9957188027191328,-0.042986222510180125
583,repdelgado,0.0005375069462131509,-0.991873283411171,0.019389489897961135
43,FiveThirtyEight,-1.4324228958566618,-0.9733873616283462,-0.03404682178665527
249,RepHaleyStevens,0.004214159375985553,-0.9647400069633592,0.01134598779847054
183,RepColinAllred,-0.2884075868408051,-0.9600654200993197,0.010985068882370481
321,RepMarkTakano,0.47809656263381384,-0.9566372266228783,0.01152245931125899
50,GStephanopoulos,-0.6237796939683037,-0.9546729054483999,-0.05841204001754384
154,RepBonnie,-0.059998510840314094,-0.9533444298946282,0.009124125841351131
100,NBCNews,-0.9616055260457492,-0.9521141621698331,-0.06619339257663742
52,GerryConnolly,0.1377016217886379,-0.9501656830295739,0.007718149099169549
445,SenAngusKing,1.3094535958394888,-0.945866259186072,-0.02719736143428831
499,SenatorCardin,0.996098942846308,-0.9335569802394799,-0.017498228753608056
119,RepAOC,-1.5997305640795654,-0.9255765713792127,-0.019406990777152768
135,RepAngieCraig,0.10816229524788092,-0.9228203494413767,0.015620085207166227
255,RepHoulahan,0.11768338193479952,-0.9194181637469587,0.017436920629524608
92,MartinHeinrich,1.3579595704573464,-0.9165363301355076,-0.01657936617617699
250,RepHankJohnson,0.6648374265048086,-0.9147431314654579,0.005788772785130162
107,NydiaVelazquez,0.4682522498851445,-0.9129519435860489,0.004922376272343908
477,SenSanders,-2.2212698592715165,-0.9115693361492809,-0.0179048908889389
7,BBCWorld,-1.2257921155733633,-0.9052911461516409,-0.05565458766245937
509,SenatorMenendez,0.5415461701865741,-0.9046091714903797,-0.01849873452452867
407,RepTerriSewell,0.006657750214529007,-0.9021469468169598,0.009548721437697
246,RepGwenMoore,0.1251320216105671,-0.8998798107164337,0.007844126072448143
330,RepMcGovern,0.5290905615437117,-0.8893002291502969,0.004490650517262339
318,RepMarciaFudge,0.023914726262084702,-0.8876304821058059,0.007492938256122783
286,RepJudyChu,0.4419737405319922,-0.8862985329346195,0.0077526667623572755
336,RepMikeLevin,-0.12789861742262626,-0.8789434371015851,0.022420936882180616
377,RepRubenGallego,0.11136668900655194,-0.8746899506037941,0.007078402830104028
569,janschakowsky,-0.057767282923209165,-0.8631465147487508,0.008009510691254874
145,RepBeatty,-0.5885070257054417,-0.8584660445828256,0.004735327726000274
444,SenAmyKlobuchar,-1.1918287320508232,-0.8571083720777505,-0.01305059205858621
42,EleanorNorton,-1.035133292426354,-0.8567824474705867,-0.0013121501252426676
431,RepWexton,-0.020787955293978925,-0.8566069206208872,0.016610721105382344
513,SenatorShaheen,1.3053003174557136,-0.8547134662256259,-0.013966964165875173
220,RepElaineLuria,0.1948546114193554,-0.8392083336480531,0.014904004549533608
367,RepRoKhanna,-0.6520120435489667,-0.835655685231412,-0.0030427698769294165
4,AndrewYang,-1.6936301790398163,-0.8248173139282332,-0.03503569059280191
591,rosadelauro,0.44437398815004187,-0.8045047340917897,0.011704132729991316
498,SenatorCantwell,0.6487843953865713,-0.803261891117906,-0.014662269792619455
115,PeterWelch,-0.2691551673971614,-0.7990451245313619,0.013594989064450372
482,SenStabenow,0.4123540161437801,-0.7904762801149612,-0.006321911517887615
226,RepFletcher,0.07509076124564795,-0.7889415533026454,0.01896658868137796
270,RepJimmyGomez,-0.6857204230066194,-0.7864003851657541,0.009654132848151318
251,RepHarley,-0.4180167178036425,-0.7842910484708888,0.01943393420303313
178,RepCicilline,-0.6915810851630205,-0.78399839576526,-0.002488172246522824
21,CBSNews,-0.8114959596622922,-0.781009545901791,-0.06916696902488165
204,RepDeanPhillips,-0.45615351265186455,-0.7803079206764251,0.009119621154821195
144,RepBarragan,-0.5870369062635281,-0.7781757409480281,0.012788490897695737
505,SenatorHassan,0.8597111161191721,-0.7726447148696097,-0.007415264030076844
0,ABC,-1.091604056654122,-0.7680245459484595,-0.06508854778880892
362,RepRichmond,0.006407951310760784,-0.7647884293239717,0.006872359679451254
10,BernieSanders,-2.5491299306289887,-0.7623344323347786,-0.01243559137479859
133,RepAndyKimNJ,-0.9353162540583823,-0.7622400042018835,0.013551599680077773
134,RepAndyLevin,-0.36282932154496833,-0.7549293459872632,0.017296234320680993
192,RepDanKildee,0.0438093209260553,-0.748168227774599,0.008833315100976602
517,SenatorTomUdall,1.3447300677678136,-0.7477254470451691,-0.019104412078239107
9,BennieGThompson,-0.047740207872541476,-0.7465169786499174,0.011965726927380075
308,RepLoisFrankel,0.8935311474809817,-0.7326338330878157,0.020932325977671855
242,RepGregoryMeeks,0.6623429832520651,-0.7232881339193663,0.00962918701259185
186,RepCunningham,-0.7225819311363071,-0.7212589178318785,0.01500050582569669
515,SenatorTester,0.6803440794164436,-0.7176076645855868,-0.0049624665749516015
565,glaad,-2.4002047754090086,-0.7113996102677671,-0.011028385529106467
304,RepLindaSanchez,1.3595829321361603,-0.7035456149980708,0.025729690249627395
309,RepLoriTrahan,-0.07861026909564738,-0.7024899579255632,0.021042018344245392
400,RepSusieLee,0.1099885315361703,-0.6990088620163364,0.018478782869051354
210,RepDianaDeGette,-0.182721109785958,-0.6950470426855849,0.0068597919606075385
337,RepMikeQuigley,0.12232143275361076,-0.6920399105314582,0.012649919321913132
325,RepMaxRose,-0.6790977874598434,-0.6863442581452576,0.009756927889586332
452,SenCortezMasto,0.2782597141961179,-0.6806819440409527,0.0036801143257924663
302,RepLawrence,0.1932223219717481,-0.6803703012814555,0.016845429975071827
284,RepJoshHarder,-0.4850923662579976,-0.6795331766140446,0.02024458009542278
462,SenJackyRosen,0.021824388805042786,-0.6788500621892002,0.008936355111718598
221,RepEliotEngel,1.1370174888835851,-0.6747964521823366,0.009364297291987365
152,RepBobbyRush,0.1498012297308069,-0.6713871540828878,0.013874163996826156
552,benraylujan,-2.0911151858914985,-0.6689223969240009,-0.0004929201421374895
450,SenBrianSchatz,0.29182897615620734,-0.665481046951704,0.0038620505277526377
581,repcleaver,0.5362208905261459,-0.6595136642300583,0.014216244470228023
395,RepStephMurphy,0.21424912879187935,-0.6574832354097475,0.018926248076239747
139,RepAnthonyBrown,-0.7732294318849582,-0.6551106187838952,0.01017093418602009
500,SenatorCarper,1.7798091839070058,-0.6508807469097551,-0.01018133848409929
361,RepRichardNeal,0.9289628093493526,-0.6479341443126774,0.01988652512311082
238,RepGraceMeng,0.5703832660412467,-0.6394406292888719,0.017942309323900014
536,USATODAY,-1.1535249926301334,-0.62548125110802,-0.06087655832755041
419,RepTorresSmall,-0.5936429796593243,-0.612992338124218,0.0191929187762166
455,SenDougJones,-0.7886362221285721,-0.6095509246020898,-0.003713095904392094
16,BobbyScott,0.8175039477739903,-0.6048077105930441,0.016581155835398962
296,RepKinzinger,-0.7426159451289347,-0.5980240920774993,-0.024588902164738278
458,SenGaryPeters,0.3461873575349116,-0.5978208064099755,0.00011133773001578687
105,NitaLowey,1.2262432169981585,-0.5961690142205757,0.020142690173847573
461,SenJackReed,1.3818275031606193,-0.5951968753704667,-0.011780499777607686
174,RepChrisPappas,0.14537025898430928,-0.5910553803284125,0.03243401039069634
514,SenatorSinema,-0.15416260108842336,-0.5889902132798461,-0.019276502831593607
254,RepHorsford,-0.6136972002860593,-0.5867101673792192,0.018927692017633925
179,RepCindyAxne,-0.2487269957318783,-0.5830779740560761,0.026285510685994124
161,RepBrindisi,0.021202930570201877,-0.5794621575590266,0.028381275546246074
298,RepLBR,-0.08770372688919333,-0.5787119922463098,0.020727480201479367
358,RepRaulGrijalva,-0.2736174317918411,-0.5718569442534397,0.010300535052023333
281,RepJohnYarmuth,-0.41805783101617666,-0.5686398120321671,0.010144652978643224
310,RepLouCorrea,-0.12026353687817296,-0.5633693122173346,0.022137000158646558
567,gracenapolitano,1.9630185607989117,-0.5542121301344425,0.030124490059892595
172,RepCheri,0.43028400970260683,-0.5530454085042268,0.02009284053311818
295,RepKimSchrier,-0.6679324954113695,-0.5503492738077459,0.029071977345506622
425,RepVeasey,1.0618311644832117,-0.548756987294517,0.02664800592666296
399,RepSusanWild,-1.1032959664757989,-0.5484011872804723,0.021466218713184267
234,RepGilCisneros,0.012256876971483767,-0.5472437573120393,0.033149949631284155
312,RepLowenthal,1.6331114834570526,-0.5470900244105183,0.032336089231331556
170,RepCasten,-0.6657588567316505,-0.5468824804473442,0.012890288734466723
370,RepRobinKelly,0.1619615733768284,-0.5460453726594163,0.020605487889733883
129,RepAndreCarson,0.715045759654993,-0.5391379747813569,0.01811757624708606
123,RepAdams,-0.2170804203233436,-0.5325599179291626,0.01786711092228923
564,gillibrandny,-1.213469966613716,-0.5323906909744528,-0.002459736712829216
217,RepDwightEvans,-1.0485037196851703,-0.5294870286299527,0.01723006799280662
106,NormaJTorres,0.6592074358257487,-0.5239220864140729,0.03177465373165588
45,FrankPallone,0.7643212466066981,-0.5231384540658989,0.019261871816921277
545,WSJ,-1.2088946875754427,-0.5210117801495863,-0.06721185736571124
289,RepKathleenRice,0.13929419949517938,-0.5193594849189068,0.016539599498757877
122,RepAdamSmith,0.593889405540177,-0.5153586486140633,0.018666723217141006
256,RepHuffman,1.2388507227396537,-0.5148452252661706,0.030911480954365498
57,GuardianUS,-2.148445303462863,-0.510505655306941,-0.018275112278236093
29,CongBoyle,-0.9314843799830376,-0.5101750345799677,0.014963764254085077
376,RepRoybalAllard,1.8266195974994808,-0.5097041630964296,0.03617892423194467
17,BradSherman,0.7950946190660282,-0.5049522902582069,0.016830236402972577
184,RepConorLamb,-1.0802079216578084,-0.49870344731654115,0.01739629481663001
223,RepEspaillat,-0.531972114477732,-0.498504562071907,0.017892721817520874
137,RepAnnaEshoo,1.7107666092076146,-0.4981236203336981,0.023033785013589235
177,RepChuyGarcia,-1.1367192132340493,-0.4980716954074109,0.015311694670279577
200,RepDavidTrone,-0.320536669129134,-0.48923257317116403,0.029787309646091845
381,RepSarbanes,0.3911991247210927,-0.48876541558566705,0.021493513782406885
225,RepFinkenauer,-0.6571944231428272,-0.48596450666572666,0.022165092578103788
382,RepSchneider,0.13734913981664973,-0.4829735692143228,0.030698204650142287
587,repjimcooper,-0.6160270048173683,-0.4758374630845907,0.01242035947837747
19,BrookingsInst,-1.427857072312867,-0.47138430210842136,-0.025482440034819927
190,RepDWStweets,-0.1595274633000351,-0.4699172853584517,0.022329648853556146
202,RepDeSaulnier,0.41506604317362,-0.46805036815089407,0.031936110329062566
147,RepBera,1.4507408824818062,-0.4677524352810344,0.028448967976169418
555,chelliepingree,-0.642035427714015,-0.46157385457444816,0.01685606841700712
218,RepEBJ,0.3278265818728169,-0.4599827915296189,0.019868700566697105
570,lisamurkowski,1.0444165916798882,-0.4557984236241613,-0.05462543190106699
316,RepMalinowski,-0.5853306846274046,-0.45286417321755446,0.02549188717083606
329,RepMcEachin,-0.11145058948426285,-0.4395889680195652,0.03334174126000613
232,RepGaramendi,0.7691870641716771,-0.4376097907106395,0.025646162802135476
359,RepRaulRuizMD,0.9361565532739473,-0.43071893966416536,0.03774665005869727
213,RepDonaldPayne,1.3264940564180203,-0.4256838047558855,0.03223240047618375
409,RepThompson,1.479242496177464,-0.42319385000787324,0.028949508018344994
538,USRepKCastor,-0.28839267411033287,-0.4158301449030495,0.025926044134014534
414,RepTjCox,-0.09139658243736734,-0.41280210584744,0.03207694109679469
491,Sen_JoeManchin,1.1445463351801584,-0.4112002557683169,-0.043730820102349646
197,RepDavidEPrice,-0.5693876912568346,-0.4075077588442726,0.01651626366107063
307,RepLloydDoggett,-0.21265994318972334,-0.40655643090650584,0.017238956957668965
194,RepDarrenSoto,-0.21274671637761652,-0.3956231735578371,0.025200183393823513
162,RepBrownley,1.0143030253621639,-0.395189431720465,0.042215654254490094
38,DorisMatsui,1.0987227380060465,-0.3851056371646224,0.02727794901160242
273,RepJoeMorelle,-0.6345461603213328,-0.38488077940065496,0.029269758753105193
282,RepJoseSerrano,0.42772450460759553,-0.38229534158132933,0.016294888538001845
319,RepMarcyKaptur,0.356978585531553,-0.3776561944425429,0.030257255898523024
235,RepGolden,-0.6570242839983437,-0.3771641292656349,0.023889709579727626
219,RepEdCase,-0.44690218545013577,-0.37282764823724757,0.03927941390956167
11,BettyMcCollum04,-0.6030498256985668,-0.3680039023682996,0.015514673081231325
153,RepBonamici,-0.1261252307163494,-0.36039821345815953,0.024294045181822717
207,RepDelBene,0.15511181739656105,-0.36010921905966126,0.029574126844358298
584,repdinatitus,-0.13595540330182734,-0.35391583167599105,0.02064946553465749
582,repdavidscott,1.3238335282926923,-0.351391995041686,0.03148987836446103
279,RepJohnLarson,0.5185303154058954,-0.3456431486749977,0.02204350075623107
169,RepCartwright,1.2147224012471278,-0.34517327314962787,0.04249247681131997
46,GKButterfield,0.048302400280142425,-0.3406345119766685,0.023553634560011413
167,RepCardenas,0.8318786129323334,-0.33957690084508313,0.035750500686078206
126,RepAlLawsonJr,0.8353841727363732,-0.33154327190334226,0.03315031036363101
348,RepPeteAguilar,1.0540936677004826,-0.32509250116906574,0.04121209653311264
72,JimLangevin,-0.3293142626477955,-0.32424506636131306,0.022511749328061433
297,RepKirkpatrick,-0.7309144951960278,-0.3222591907764125,0.02606960313112707
285,RepJuanVargas,1.468929794882313,-0.31539579719709043,0.04142675150551755
352,RepPeterDeFazio,-0.0099895511570049,-0.31087051847198377,0.02416704175076392
20,BuzzFeedPol,-2.4686792708175815,-0.30024930714021203,-0.015607229604850899
344,RepOHalleran,-0.06273599252068394,-0.29008524013385734,0.029548957990478745
109,OccupyWallSt,-2.740409237945775,-0.2866763970685351,-0.013930817266441376
148,RepBillFoster,0.4099586134845966,-0.2801053502191388,0.026508334178986445
240,RepGregStanton,-0.8829459373706995,-0.2777833880230764,0.02590596666641974
138,RepAnnieKuster,0.01518009487419875,-0.27612246725488315,0.03336349526065286
193,RepDannyDavis,0.18330754489737344,-0.2731983610977186,0.029993461591135497
441,SanfordBishop,1.3567621945481663,-0.2606330940523492,0.035366977921849646
385,RepScottPeters,0.6747594657893186,-0.25199433442791963,0.0358040111178312
541,USRepMikeDoyle,0.09498600258615704,-0.2517655731612778,0.027009729336102666
208,RepDerekKilmer,0.730108627311119,-0.2452340144674731,0.03755009678829192
501,SenatorCollins,0.9230514224912079,-0.24184854883084772,-0.0702253653243106
396,RepStephenLynch,0.009148497394790006,-0.23985953427847598,0.02270948302575573
389,RepSires,1.1102709031797526,-0.2329503961832036,0.03166514167015359
511,SenatorRomney,-1.4303856560253998,-0.23127515551177488,-0.027822018756420014
548,YahooNews,-1.8699389007593064,-0.22816468062292158,-0.03212524965200681
332,RepMcNerney,2.017530344584894,-0.21767361574519387,0.03931813526926413
365,RepRickLarsen,0.3415834263010443,-0.21604755995314556,0.034919815675955264
346,RepPaulTonko,0.13978341511528505,-0.2130676845289518,0.031476950480096834
78,JohnKasich,-0.8149998889137756,-0.19964953673816105,-0.052511262311835234
383,RepSchrader,0.25858694419421857,-0.19822145255728227,0.02646662944662401
171,RepCharlieCrist,0.42693594275183794,-0.19375656049418452,0.03219192590266624
224,RepFilemonVela,0.9287418026098413,-0.18817460213119472,0.04037671117999292
372,RepRonKind,0.651468845205754,-0.18731985512122398,0.03197573584667334
472,SenMurphyOffice,-2.4008919518113054,-0.18412801386306407,0.0013520692425816837
60,HerreraBeutler,-0.3751295540175373,-0.18310959401510762,-0.00019698277328723338
15,BlumenauerMedia,-2.6561962353666924,-0.17139500608319724,0.002614885328558174
83,Kilili_Sablan,-1.5492657758104675,-0.166356259071548,0.028515670738504032
236,RepGonzalez,0.09273546777642477,-0.16300288866751325,0.04370877918078304
595,teammoulton,-1.6411342055135152,-0.1623738434004635,0.01098653180682252
269,RepJimCosta,1.7746868814846577,-0.14859610885586322,0.04331646608820555
271,RepJimmyPanetta,0.6053451518613435,-0.14301106083733298,0.04569808186186892
166,RepCarbajal,0.5991225946023313,-0.13211427452361305,0.04236266107780826
539,USRepKeating,0.5702138235335888,-0.12929972903701242,0.034979863027808936
272,RepJoeCourtney,0.5612813317979136,-0.12197007220064865,0.02805171902206437
98,MittRomney,-0.7286851135686032,-0.12192625972484097,-0.07613061189390834
347,RepPerlmutter,-0.08158635887487323,-0.1212589261827195,0.02186076238093578
116,RANDCorporation,-2.047487748368186,-0.11015226337782959,-0.01620952778125509
37,DonaldNorcross,0.03418166589116231,-0.10535570164027314,0.04175761591877277
159,RepBrianHiggins,0.05549520388219151,-0.08716720411514588,0.03306855044092923
418,RepTomSuozzi,0.33009365056737544,-0.08359215045531491,0.040773684301105735
56,GuamCongressman,-2.6384796520191984,-0.07977382663598055,0.00855694972526885
283,RepJoshG,0.3336815982415359,-0.05303916922989712,0.038803676162362945
41,EconUS,-2.985232674926445,-0.05134208082533273,-0.007551001267121244
22,Call_Me_Dutch,0.17532809961090914,-0.03576293131968973,0.03187058480827222
535,TulsiPress,-1.248706747981224,-0.014593967273222316,-0.029441784833970776
14,Bloomberg,-2.479963731987181,-0.010726827407462306,-0.018207327849309
185,RepCuellar,1.2618581155112196,0.007705447676638036,0.03159632604081842
366,RepRiggleman,-1.2417566223162295,0.020422294277226645,-0.004880043707641999
51,GeorgeHWBush,-1.2201307020041172,0.031682605597881774,-0.03736468332260793
559,daveloebsack,-0.5453548713451868,0.044743310006606626,0.03509832810907767
345,RepPaulMitchell,-1.0495700300348467,0.09412516762794704,0.010309819198627803
305,RepLipinski,0.7845624372758176,0.12384812345438874,0.03293595828828651
306,RepLizCheney,-0.9266101166773191,0.12478087937789688,-0.024261582218734836
531,TomReedCongress,-2.979779653427973,0.2101359416817272,-0.007097858278413268
69,JebBush,-0.47700737170064705,0.23741411719208871,-0.07548939629814128
534,TulsiGabbard,-1.3318406187806793,0.2520484500159781,-0.05973295254310427
118,RepAGonzalez,-1.7280027113701735,0.27260844701115455,0.012961416402301968
497,SenatorBurr,0.9086805470943988,0.2784931241463918,-0.04096284999422853
478,SenSasse,-0.11065821519192656,0.30105572864672636,-0.032155193433630616
488,SenToomey,0.664670148655832,0.32540778076460963,-0.02717342353933573
55,GrahamBlog,-0.9967987776827629,0.326189483229679,-0.034059086533703764
426,RepVisclosky,1.0182531352689668,0.33452397689072844,0.04960801730840441
53,GovChristie,-1.050631700245627,0.3516066681687278,-0.0635208446307044
158,RepBrianFitz,-0.6687494498991301,0.36094748420940576,0.02013725955960539
265,RepJenniffer,-0.7617011850728429,0.3668567818636458,0.02837763721273327
229,RepFredUpton,0.33124854330426484,0.4550932977055688,0.0201380185340693
67,InhofePress,-1.1230202555510866,0.46585911194470275,-0.003992248967606987
453,SenCoryGardner,0.48444329814262255,0.47075111725476815,-0.020862846157166607
443,SenAlexander,0.9438059928827226,0.48561088324501434,-0.03692741804193374
594,senrobportman,0.6539348170679846,0.5065173540128196,-0.031480652175790276
586,repgregwalden,0.2741328437785496,0.5348988323058104,0.02064244432667984
2,AEI,-1.8489636754431416,0.5483846117663737,-0.04446262657949798
278,RepJohnKatko,0.37589636707192725,0.5643400320625076,0.02761358619357346
111,POTUS45,-1.917671673751989,0.5896403874654325,-0.07926125506103043
374,RepRooney,0.40910195881169187,0.5967517744819005,0.032032428907247376
343,RepNewhouse,0.31875219958829004,0.6002053550353859,0.03287316589104556
89,MarkAmodeiNV2,0.5324345244570857,0.6078864728329261,0.029429138085916892
88,MarioDB,-0.460906111744195,0.608441865197687,0.007678329391406317
476,SenRubioPress,-1.0987036223616016,0.6114876347156654,-0.024419423667517308
380,RepSamGraves,-1.2541460048418356,0.616546026421731,0.01213153369166473
446,SenBillCassidy,-1.0697412690433465,0.6183134723477276,-0.012631035886479606
543,VP45,-0.7226763689692581,0.618550017774365,-0.10940651375706822
93,McConnellPress,-0.5623167057689354,0.6308539036163459,-0.03169541526757181
247,RepHagedorn,-0.8237716268876674,0.6447956928434118,0.032407939683359505
424,RepVanTaylor,-1.173758580450827,0.6489017615464865,0.029702015693984216
276,RepJohnCurtis,-1.2225329427087692,0.6572688509245981,0.026309534814935177
349,RepPeteKing,-0.6657544204438793,0.6613962347978223,-0.010180490865103068
451,SenCapito,1.424512427324875,0.6655302252019489,-0.012617129925533915
504,SenatorFischer,1.8415524045239666,0.6660713878129144,-0.023226043410850657
439,RoyBlunt,1.1302787810893693,0.6750651052424288,-0.033635463905039645
323,RepMarshall,-0.6898944847153413,0.677057761918635,0.041174242029258935
231,RepGallagher,-0.4290141189654629,0.6856878240676811,0.010960552352907504
503,SenatorEnzi,2.1314898537093354,0.6860827538303274,-0.03158226080406887
459,SenHawleyPress,-1.6912185605083125,0.706320889954143,-0.01902407623263759
70,JeffFortenberry,0.47734088869255814,0.7074164587193811,0.036770372961672834
71,JerryMoran,1.6293593182197876,0.7201086000209466,-0.02297797765138474
23,CatoInstitute,-1.3098452485298293,0.7201458441632146,-0.05874206946718305
465,SenJohnHoeven,2.0892946796311485,0.7305219145416899,-0.027077926740845516
351,RepPeteStauber,-1.0566082065345852,0.7489634894386132,0.022807564817941876
417,RepTomRice,0.49644880411434417,0.7616611742464408,0.029667196722957385
576,michaelgwaltz,-2.1053375210022724,0.7717390195935067,-0.020953588838819294
510,SenatorRisch,2.1360989246565816,0.7721230576628324,-0.02601921104242574
267,RepJimBaird,-0.6363488945155154,0.7729248594380399,0.0368862647318816
142,RepBalderson,-0.629588702085212,0.7740244414508312,0.037748254110254766
30,CongMikeSimpson,0.683938501368683,0.774478184518677,0.03923326581601708
95,MikeCrapo,2.1828206620809403,0.7786487510147295,-0.0346744682784513
585,repdonyoung,0.8726030617475221,0.7910189383276615,0.02921254183110254
391,RepSmucker,-1.0491172948773906,0.7921451689957016,0.019946768356295375
496,SenatorBraun,-0.977773716645399,0.7952058332058023,-0.0005009077864910629
486,SenToddYoung,0.31624767949074306,0.7985901980010439,0.005363848824887593
554,cathymcmorris,0.03295676564756548,0.8077605971110857,-0.0025039789018793095
76,JohnBoozman,1.6563303780750753,0.8099367341009712,-0.026951204645057434
473,SenPatRoberts,1.7138550541260333,0.8129818102781122,-0.020542776485367828
44,FoxNews,-1.4266093271880158,0.8148693752635638,-0.10003235207428836
480,SenShelby,1.276001120048889,0.8273702115020247,-0.02236814753546625
410,RepTimBurchett,-1.2185303331906387,0.8340613349349707,0.009001506595085815
368,RepRobBishop,0.21858750144343325,0.8393356620657235,0.049855620210024244
350,RepPeteOlson,-0.6169165767699506,0.8421291052015619,0.020689529384549547
132,RepAndyHarrisMD,0.8272067289553858,0.8460705686390629,0.026509108491032243
375,RepRossSpano,-1.1434688520624896,0.8470258695222065,0.025344946135044517
328,RepMcClintock,-0.75970178382794,0.8533228702003454,0.001157364016299122
518,SenatorWicker,1.9637228270471734,0.8564953862822924,-0.0239351914853041
599,virginiafoxx,0.3450386690741161,0.8581848989923577,0.01296501456406003
258,RepJackBergman,0.25251460700759804,0.8597748902847601,0.03661301464132261
378,RepRussFulcher,-0.6695996779978617,0.8602204545323319,0.03164644045146762
40,DrPhilRoe,0.13351732355547655,0.8672780709856964,0.02915873813014242
413,RepTipton,0.7435752865689121,0.8677750068281953,0.02154509238737508
388,RepShimkus,0.9275067257787206,0.8683409972041476,0.02847175172646294
79,JudgeCarter,0.09886665097997596,0.8731206915855749,0.02184393302203881
244,RepGusBilirakis,0.8189788754580395,0.8779082741867512,0.027522902384853696
128,RepAmata,0.5274782201817568,0.883609453668885,0.05524230316372408
32,CongressmanGT,0.898263650953983,0.8974109120667475,0.03644508706224199
421,RepTrey,0.5494465599999424,0.900423883609605,0.04740092737238826
508,SenatorLoeffler,-1.6638200802900842,0.9031206780871801,-0.03942242089993382
198,RepDavidKustoff,0.5555893540048802,0.9042998936237269,0.03656666560320644
454,SenDanSullivan,1.6439916309673717,0.9044721740047339,-0.0003047490059925783
506,SenatorLankford,0.40739130961632336,0.905081058837394,-0.01525211850706094
526,SusanWBrooks,0.5256770002444919,0.9085260617206082,0.03429081345113974
243,RepGrothman,0.6514580968300874,0.9132764484294384,0.039301337712126655
412,RepTimmons,-0.6295039951672731,0.9174590470531727,0.023140403579832162
588,repkevinhern,-0.5655338436950066,0.9175619964523801,0.03718489843606072
398,RepSteveStivers,1.4930660029803127,0.919987157562164,0.029776534617107987
112,PatrickMcHenry,-0.09070976869471746,0.9208519943448805,0.012570320868264172
253,RepHolding,0.6614459622796207,0.9265758850210967,0.035889147893772226
373,RepRonWright,-0.7246105846541249,0.9314437528786258,0.025310933170166812
437,RodneyDavis,0.42567711450825685,0.9349314677994744,0.025446107315008317
484,SenThomTillis,1.138819678143968,0.9369293707919589,-0.027089953750241886
435,RobWittman,0.26733506217115666,0.9378395468067847,0.023416480161739816
155,RepBost,0.48414984527179333,0.9398013583434791,0.03582460113829037
334,RepMichaelGuest,-0.21419902181018122,0.9431700473183152,0.03721420987694251
216,RepDustyJohnson,-0.6618886615309022,0.9474085715681961,0.02375195762183652
327,RepMcCaul,0.6854594269403594,0.9505398923353853,0.009025904451880068
300,RepLaMalfa,1.061871437196022,0.9514385784133292,0.03629045844164886
544,VernBuchanan,0.11304281078904768,0.9524437470836515,0.014486030335615392
211,RepDonBacon,0.1455846475440157,0.9527135654335879,0.03800307459783295
397,RepSteveChabot,1.0129719382946478,0.9529358005663763,0.022827911222356192
293,RepKenMarchant,0.6476782416475333,0.9605731461116765,0.020113115403292612
248,RepHalRogers,0.8270386616387654,0.9623688206757094,0.03833672182164034
63,HouseGOP,0.2388325001718287,0.9630584593126507,-0.1105847716136846
530,TomColeOK04,0.8691491622829667,0.9631379446017584,0.026290713916686408
371,RepRonEstes,-0.10528864140170663,0.9666874764470228,0.03476320100542749
464,SenJohnBarrasso,2.079372843405872,0.968873506689804,-0.04010471400113357
493,SenateGOP,0.20726639407187278,0.9696103881913885,-0.1147294800516129
299,RepLaHood,0.5247336607051519,0.9719708815504776,0.03322859852170861
379,RepRutherfordFL,-0.47501334965918657,0.9722912687442059,0.025316641137563687
130,RepAndyBarr,0.43816280216316594,0.9726536139685273,0.027411633645545795
574,megynkelly,-0.9294792228971464,0.9739852305104866,-0.10476190080023466
427,RepWalberg,0.7678766783110189,0.9754670422882331,0.03619932576894783
233,RepGarretGraves,0.8830930274369498,0.9785591270127691,0.03949227586538979
228,RepFredKeller,-1.132515474678078,0.9802996384808625,0.0003638715867719631
575,michaelcburgess,0.33740195226680864,0.9816347567600837,0.014935265493835496
341,RepMoolenaar,1.2074928019893156,0.9830183877597799,0.045717006085818385
415,RepTomEmmer,0.41414721714032465,0.9876553717494084,0.031127513299661177
512,SenatorRounds,1.3037911127576007,0.9883353376254608,0.01496141714603322
339,RepMikeTurner,0.7973638259351542,0.9898197348110319,0.014856940662833967
593,sendavidperdue,0.6207625616666652,0.9917643514034135,-0.02557306621642889
460,SenHydeSmith,0.047015043585482495,0.9923511267687545,0.014033195324768715
301,RepLarryBucshon,1.323200768353993,0.994521687284449,0.043443027296274174
280,RepJohnRose,-0.23929335272538726,0.9951548072675508,0.03160480748163017
230,RepFrenchHill,0.916217638794676,0.9983721501611141,0.04219907414168762
523,SteveDaines,0.6999091534250195,1.0014841478114196,-0.01641330157577527
257,RepHuizenga,1.1735312720778184,1.0044121224790517,0.03932553971886439
156,RepBradWenstrup,0.7409379409794162,1.0077180705591264,0.02135034209320354
82,KenCalvert,1.1035428296436227,1.009644950925969,0.03980605750444849
557,congbillposey,1.082868001247173,1.017192905726586,0.026194253033403954
27,ChuckGrassley,0.6698070785760065,1.017746270848682,-0.09005132951812855
572,marcorubio,-0.0872149959823151,1.0236270328366195,-0.11402975605949216
28,ConawayTX11,0.7324269075173602,1.0288607972254487,0.026359105409116436
209,RepDevinNunes,-0.7393447914661837,1.0332744850164584,-0.00890939886775777
331,RepMcKinley,1.337587084686816,1.0342668158413275,0.026521717526243035
181,RepCloudTX,-0.4688381120357861,1.0347480584723827,0.019827175355480203
168,RepCarolMiller,-0.1721627600797069,1.0392839057255725,0.031013353955343312
553,boblatta,1.0009744628041457,1.0400954707058925,0.026210852663373533
195,RepDaveJoyce,1.1590403829965457,1.0417732387111105,0.04009712231246585
468,SenJoniErnst,1.165811826161132,1.0431343251448737,-0.03004702088912614
163,RepBryanSteil,-0.5595551411164464,1.0443686299210115,0.01888197395055635
469,SenKevinCramer,0.6161939125608406,1.0520123172237215,0.018819712052260976
291,RepKayGranger,1.2643660386652436,1.0531567306609873,0.03670043190391713
333,RepMeuser,-0.5687363691789675,1.0607751796714582,0.014207888527900121
180,RepClayHiggins,-0.42125841128958613,1.0625197108925166,0.008572859907562696
31,CongPalazzo,0.7176419672257807,1.0642045709292367,0.04193527525026792
35,DesJarlaisTN04,0.6141060833584171,1.0665372182291717,0.02861755026234842
467,SenJohnThune,1.1847797106386297,1.070798005949764,-0.02106791380418729
136,RepAnnWagner,0.5203099633393117,1.0756263515636029,0.026824905057905444
196,RepDavid,0.8659777109670146,1.0760868862744428,0.021583620414927472
277,RepJohnJoyce,-0.14259171259622092,1.0762243406955085,0.027049924456444302
474,SenRickScott,-0.5535931891112903,1.0764175183842934,-0.05551003096640473
436,Robert_Aderholt,1.2648609279842669,1.0784657644876494,0.037806706553136754
428,RepWalorski,1.1631264569364315,1.0785993801675784,0.039121413466922994
39,DrNealDunnFL2,1.1207454050403665,1.0823438127451188,0.05274017720052498
338,RepMikeRogersAL,1.0485568134743746,1.0835171603567841,0.02715291186783627
160,RepBrianMast,-0.20387924167018256,1.0883873980765009,-0.0006189588538037577
275,RepJoeWilson,0.44545465418859903,1.0889845770804403,0.028935041598447717
146,RepBenCline,-0.4816922219752318,1.0943616455359377,0.01608943551494445
355,RepRalphNorman,-0.22209471784514012,1.096926653915725,0.012629982676599226
430,RepWesterman,0.9511228315507761,1.0981173145238396,0.041987992343343106
406,RepTedYoho,1.021272300158518,1.1091448876130257,0.008699277297320602
140,RepArmstrongND,-0.3948804266724983,1.115063044147722,0.008364956650481113
239,RepGregPence,-0.09176577033460015,1.1232849445356563,0.03217504133726367
6,AustinScottGA08,2.036646286484446,1.129887577698368,0.049061077942725684
524,SteveKingIA,-0.18659141444283142,1.131162005168604,-0.044682042256423776
475,SenRonJohnson,1.1412578997394311,1.1317980201283175,-0.05640467992976656
77,JohnCornyn,0.5150374750341025,1.1344160412923467,-0.07156623388851457
175,RepChrisStewart,0.3412237237612877,1.1383625318528787,0.008193092177659645
580,rep_stevewomack,0.8592283730775055,1.1388623317837556,0.03658827676989838
87,MacTXPress,1.0456608193053458,1.140490833467479,0.03578545865375917
360,RepRichHudson,1.00278477867039,1.145681047441057,0.030407946292678827
420,RepTrentKelly,0.6306000817140099,1.1484342103592193,0.0512798837345935
124,RepAdrianSmith,1.1211256530282343,1.1513706540648252,0.05610659853934942
199,RepDavidRouzer,1.5051179064490527,1.152470518205583,0.04901665957388919
227,RepFrankLucas,1.4856924578386035,1.1527378971408444,0.04794105648165388
315,RepMGriffith,1.661904637632269,1.1576665376203,0.025031474516794067
369,RepRobWoodall,1.0793429825831815,1.1609900359841356,0.043292975309726
546,WarrenDavidson,-0.8291935084741446,1.1654865429617542,-0.0009346266520206273
176,RepChuck,0.7192234452218877,1.1682968523599204,0.02665091302369455
173,RepChipRoy,-0.8529674805005529,1.1701247577848173,-0.021640630904173813
354,RepRWilliams,0.6673442231997462,1.1741274087712918,0.03591455267578355
416,RepTomGraves,1.3285909073638835,1.176488044779534,0.03088053364238255
47,GOP,-0.33990094923916137,1.1783294546997707,-0.12615246434967042
215,RepDrewFerguson,1.2532708076731502,1.1832219868991605,0.05329854219325241
384,RepScottPerry,0.5021398634664335,1.1966176239190356,0.017214432804582683
342,RepMullin,1.0232715205680962,1.205926303190634,0.034179298539424086
49,GReschenthaler,-0.6926468460305092,1.2150235761080208,-0.00026136910002413823
127,RepAlexMooney,0.20115669414077378,1.2169485477508595,0.025133804441517735
245,RepGuthrie,1.3628551780410647,1.2184141447401833,0.04410262157693629
150,RepBlaine,1.3966818067889626,1.2216391311978856,0.051050260249757555
187,RepDLamborn,1.0950690634898606,1.224862107177156,0.023337123950670523
151,RepBobGibbs,1.6196719264336934,1.2260095330607463,0.03213334409263186
97,Mike_Pence,-0.7391827420105435,1.2332573786153398,-0.11925228456875021
516,SenatorTimScott,-0.009517420436523467,1.2347204894535169,-0.08014257408370393
141,RepArrington,0.8002252679155809,1.23542709831561,0.034401875731092935
120,RepAbraham,0.8822915970381501,1.2397963673380938,0.028160479519120728
261,RepJasonSmith,1.4747724264010784,1.2489553875168757,0.037983225707516007
294,RepKevinBrady,0.9223102854038558,1.251694566729097,0.001983562750362862
540,USRepLong,1.1157972041233448,1.2556164570909734,0.03769294296284511
527,TXRandy14,1.033682404821881,1.266987240756185,0.0324889951214241
364,RepRickCrawford,1.0330271594464964,1.2677440904671782,0.02836321427244101
149,RepBillJohnson,2.0097347476144765,1.2802996637602762,0.02614410842169238
537,USRepGaryPalmer,1.4873545089861613,1.2837601461611126,0.039331589281084024
429,RepWebster,1.4969517076499348,1.2861779326424612,0.039456415109096935
268,RepJimBanks,-0.005878509772535912,1.3010249165281333,-0.0056927487320482225
252,RepHartzler,1.0821494710148365,1.305027888986122,0.03132123941374687
81,KellyannePolls,-0.6200407680527953,1.3055563178829086,-0.12923244998153263
59,Heritage,-0.844738289234786,1.30613590441324,-0.09087263185323675
241,RepGregSteube,-0.20892418594109835,1.310963747507207,0.00017635854162876841
322,RepMarkWalker,0.292277166506053,1.3176929539455933,0.0050575133836632535
363,RepRickAllen,1.8789216771694408,1.3187917749220972,0.04435569321923722
320,RepMarkGreen,-0.21407131412528868,1.3338479592917218,-0.013958018141978872
563,foxandfriends,-1.1968982163447863,1.3376834739448324,-0.09614421243589037
96,MikeKellyPA,0.5750034201107235,1.338335752519149,0.015103146347602524
263,RepJeffDuncan,-0.3451964936223344,1.339386639296866,-0.020236727327227366
311,RepLoudermilk,1.3109540279839582,1.3397190781566033,0.027841205954691677
442,SarahPalinUSA,-1.0861500066558465,1.3419228292823315,-0.10207426722468252
466,SenJohnKennedy,0.36828432571219866,1.3450445342964046,-0.043673999966748665
165,RepByrne,1.0781947572922936,1.3481781600295732,0.025050109124215438
471,SenMikeLee,0.716808429879767,1.3515903737908141,-0.09447079116329081
5,AnnCoulter,-1.1194280104346968,1.3579449169944147,-0.11384134469405018
408,RepThomasMassie,-0.6526449352644702,1.3648479438202712,-0.046620486978375446
403,RepTedBudd,0.43154457459442974,1.3722086206980195,0.00989311772088752
292,RepKenBuck,0.5041224272331454,1.375415226157533,-0.0023885751315493985
340,RepMoBrooks,0.5874982850546183,1.425607068386969,-0.013892219345699834
117,RandPaul,-0.17526135011399815,1.4314360558835189,-0.12199347753954635
164,RepBuddyCarter,1.8529863261742925,1.4356144207052048,0.031862338799061786
102,NRA,-1.5173168087330118,1.4386775795760065,-0.08830627743116712
597,theblaze,-1.2835657971781242,1.44191375097627,-0.09803027833452241
188,RepDLesko,-0.5658512114307778,1.457839460471086,-0.034393774484335164
566,glennbeck,-1.2269145540877284,1.467301058263979,-0.10791717232294865
157,RepBrianBabin,0.8058982867996632,1.4784758686742334,0.027474137547766987
487,SenTomCotton,0.2940291397431429,1.5481765106061995,-0.07280141682778384
191,RepDanCrenshaw,-1.2913620655894058,1.5609742693377888,-0.08393228020868698
596,tedcruz,-0.4882924734631181,1.565931519715813,-0.13066758227874276
440,RudyGiuliani,-1.3295134670953292,1.581960583437299,-0.10440682666753365
577,newtgingrich,-0.48474981660971866,1.5877338663968454,-0.12162423304675833
394,RepStefanik,0.0046700965328966195,1.5896276111290701,-0.05734381535812861
335,RepMikeJohnson,-0.03981239121322724,1.5930993147211379,-0.019987270152102058
48,GOPLeader,0.11180962227653649,1.624675191519603,-0.11799769859913449
525,SteveScalise,-0.22680283006763427,1.6303118633691762,-0.0731512489607529
483,SenTedCruz,-0.08722201222873552,1.6530074839704605,-0.1261098884326372
592,seanhannity,-1.0799949868614056,1.6541847245275483,-0.13088328237892535
36,DonaldJTrumpJr,-1.2689928486081188,1.667665900573783,-0.1253015815515981
237,RepGosar,0.3351630301763309,1.6762461067239753,-0.043161607038637105
91,MarshaBlackburn,0.024080779418801188,1.687745233368889,-0.07084070571601686
33,CongressmanHice,1.1711884612735493,1.6947859168848527,-0.009166259505617808
54,GovMikeHuckabee,-0.741900940336234,1.7188944829040482,-0.1218517007896394
66,IngrahamAngle,-1.0257173742817753,1.733837820978362,-0.12992691250156513
18,BreitbartNews,-1.1739486216936215,1.7371433683127107,-0.12258969838125229
533,TuckerCarlson,-1.1778742538226517,1.788137923248632,-0.12716395617165718
303,RepLeeZeldin,0.01824041002238996,1.8077171542398185,-0.06924176204855775
131,RepAndyBiggsAZ,-0.1271142422569531,1.809631845001274,-0.06706801131929556
589,replouiegohmert,-0.012555937203808331,1.8096501364147566,-0.08361735563235916
108,OANN,-1.5469626624339932,1.8578370903661565,-0.11351570124481647
214,RepDougCollins,-0.14507759237144888,1.863300925789771,-0.08191263144429152
324,RepMattGaetz,-0.6431860888970367,1.9067614005209041,-0.11367240429210695
73,Jim_Jordan,-0.4260993939485467,1.9250703971661443,-0.11962181571536551
